566.6778246082199,563.0788055176035,7.651448786306086,4.056464901137203,5.441751656682514,2.841630640058229,1.35039591716357,23.726770295216646,19.288328063981265,1.0429844708621547,0.000296109348938471,0.0
80.96971344078275,53.49937440180422,13.500217396396463,5.046770397571107,0.1430022517748098,0.00017185140194224556,0.0
42.21319288079306,66.09036402221301,64.32716019934918,149.72858289556876,208.1705333670137,75.4685996207093,40.98801855523394,274.19114074696057,2596.171230814849,2926.534445139162,524.2592994546717,161.7991827619312,94.25559243333508,272.3572756627676,979.664453899979,684.1493700691592,47.926212061208325,56.5669011926016,501.78963485069994,465.3447799072645
141.11214169847065,103.62219387447843,12.043117472519608,33.104137705671384,15.962882894319238,38.69013619846187,16.242637596229706,37.831189457587854,20.376684559435347,351.28206795244483,350.12890692388646,16.973903103938234,24.301240003191424,22.794011867921885,25.53628803817149,12.917723176212597,4.1155766566316885,10.598600926537115,3.577834403992598,4.112791494602073
161.95065978828228,158.28998193607578,81.75905280019771,120.95169148846112,46.4023570101471,46.85267576507602,21.52968634826058,93.85370358306854,626.8525461237404,592.5474661337006,402.41213934201403,424.7929964991853,154.65133610472816,782.7968701916539,677.7328841576074,21.69397588718685,20.95730230448278,27.070285352911313,30.98468869377368,27.98830320468108
149.3346954179609,151.82595477082523,80.591772972465,87.34965174958445,42.35927957862459,28.121475405859098,9.38886044941502,2.9059047306350725,0.22201311334771617,0.0008633088124005452,0.0
34.388339032633894,20.869602998860948,29.625935135413744,34.98806579139426,18.15514626141115,23.138457804498383,0.14032109777861163,0.0
35.86144485487092,25.588240643029142,148.30687309712937,137.28131701398388,742.6294933446445,767.8126063552263,16.6384648517475,32.61107997626569,69.30240948225027,75.49310905743461,8.259436678698368,7.382018555236284,5.49705754877559,15.236561004682008,16.29815317337126,6.504817076675011,0.0
36.87839984570455,27.86365583370031,29.26724723188716,22.561939582079113,10.8606886577862,5.791887718587334,0.6345505944112775,0.0
35.03753363368045,9.072406019233535,9.340198209672701,5.423666043122521,5.904659435989208,5.534402320890609,5.534402320890609,5.534402320890609,5.534402320890609,5.534402320890609,5.534402320890609,5.534402320890609,5.534402320890609,5.534402320890609,5.534402320890609,5.534402320890609,5.534402320890609,5.534402320890609,5.534402320890609,5.534402320890609
33.448027729871335,105.24075175179051,129.76242651156895,61.714722312356756,6.747120170815725,5.53284220834257,8.778621236776448,16.524664398140583,12.1678849707149,14.317189697959341,3.023396192630758,0.1616420319777519,0.0
32.02388496075347,228.40543946889693,243.27615079528343,36.94452029755358,10.56973829770999,14.087417102322265,7.969072624439394,1.5700554565302993,0.0
33.88097396141752,7.739099386511507,6.340292614602559,9.404385927940728,10.744857173839947,2.9893870300439986,0.01113416801254484,0.0
34.58002808278899,81.1435309587694,163.30771558938645,322.2072853993922,311.80599222750686,38.04800895437212,750.5978571625997,744.8952310443268,77.53452733398909,29.28238583389803,2.6241979729233718,0.0687182080402517,0.0
361.96455516801046,366.55909856760513,51.56669777846605,47.137822942857746,33.96250680978033,10.963956623940245,37.42382485598446,3.9739813153927326,0.006388897565354269,0.0
30.449206303503342,9.715776715285678,5.8810606685505284,19.960656125849084,3.1033840091367333,0.0
13.486693497421525,49.3348463341564,17.08967307499584,0.8947779914010463,0.0
722.5174022786773,706.3808555366389,37.421882387873325,6.147966011509201,9.12321276345086,9.371329865611045,14.731440184007985,14.210095185147807,16.323822444317344,16.212460629325946,11.98441419719523,12.431525412014274,18.213576909653995,17.239359114068144,2.6876553344592553,0.21729724831811012,0.0
36.418920682041374,5.30069374724446,8.273617769593326,3.401106629245852,5.287692190696328,13.887300292901964,3.7575920802036102,0.4800303614261538,0.0
22.789077677420558,16.506687926076914,6.3984072994630745,3.807553065067197,8.207314112114945,5.939734027020692,0.3219008581754044,0.0
57.03304431927996,19.02054816895856,51.58975020447144,182.07446106203517,294.894960639063,80.94991485674602,44.20154628575574,42.57587215316981,23.399595695384555,14.033398945703572,108.58962344361834,365.5724137105386,200.1627496637158,60.9509618866733,120.83109487397478,71.21225295548855,57.528861362616695,120.83109487397478,71.21225295548855,57.528861362616695
36.107413186331776,22.812554838077954,41.02798927362083,65.11962205416721,1.6791019012696908,0.0
32.662524247395496,28.526613457179813,19.2682264644867,29.62221565753255,4.270007753896953,0.43381519471081065,0.0
38.487975059998675,16.86790994483722,39.88042643729342,23.785613022331518,41.30821568115848,9.450791899231726,20.025452928914156,0.0
28.645643420520276,7.683600514090532,7.01663826392096,11.070084324937442,5.745579748112774,6.411952809133309,10.128586124690942,1.7200840716107035,0.004539071546054926,0.0
157.31820493892477,159.8485082534313,39.81776861323898,27.84305821154264,31.9255675387432,22.90196854486584,1.3403375744935582,0.0
40.40313281174578,231.8252740023833,232.32732249617882,6.455050188812461,14.893754007609667,6.413763172363311,3.2445987621927794,0.0
31.24867323571711,18.104119803229477,23.53072901336812,25.197747893835107,7.77569862955905,42.807322741012825,9.688810710803475,10.531522283295903,0.47581320669801963,0.0
21.880511943711547,10.125518656280267,57.70093360202528,146.35408535894976,154.14730832843284,72.64545857761478,14.781086639715346,38.54013927658245,43.270867551275906,0.299920905046917,0.0
29.13698460484235,10.69246815499115,13.07071266336602,13.496849019180328,5.651414351356741,0.8798027635186273,0.0
28.27914245231664,11.10461909331028,5.324985142224194,3.555543582302646,5.1271960527809215,4.995505946288168,4.074940207559467,2.834685766604923,0.06011728528301994,0.0
43.340885455096576,9.105542680033611,1.507872765359245,1.5003663569136994,1.2295909917387622,1.1176490669722225,3.3506620426994904,3.031722628427922,14.015882618912107,10.59331595070947,21.67797912945612,17.944600177181048,20.220538085784884,14.729358041655571,1.1658710103062833,1.462945712102891,1.1889713108646487,1.113019349439141,0.8885734246817659,1.0707491496777315
34.872478843481446,33.17635922010359,57.129784039513986,46.54777526234699,24.03566930753119,15.919660111295643,5.772505153618782,0.26085368408727794,0.0
31.473148664142414,102.43279442357455,90.8630514590034,9.041352256610327,13.284477652054903,8.308255891654762,8.159391830997835,0.09345079147549006,0.0
36.865753089329665,36.38601198203536,36.481894872084,48.73894152138823,7.887587047933795,1.841597336280943,0.0
26.979306166893437,17.540336164476518,17.415275537754752,56.74688507463626,91.61073011401827,19.964110322919343,36.384422302103275,53.60430720077722,56.25368088891111,64.73984146047482,38.2375791719363,62.7321045480126,246.34737556076666,235.80926612254888,118.38516926667477,29.927169561931585,15.616849734090064,23.830223793749873,70.53456813371395,190.28870046553163
28.578071980679155,43.309944824045246,16.863986221462586,404.8385753082944,318.10457819195574,53.14550208808915,0.9666116582919635,0.0
31.8791578862516,82.14548519887225,92.30949833429621,31.249075951044993,23.205262500064062,22.86264887786885,3.3282487129114546,0.0
33.57122069272107,10.157414653907656,36.20959996705752,24.5818739779612,24.046961647610342,3.3622266332281012,0.515963704415354,0.0
36.21388489097201,16.36445632551127,23.529895018330834,49.0338637565902,15.133216467810461,18.248110723020854,21.096985880148253,21.096985880148253,21.096985880148253,21.096985880148253,21.096985880148253,21.096985880148253,21.096985880148253,21.096985880148253,21.096985880148253,21.096985880148253,21.096985880148253,21.096985880148253,21.096985880148253,21.096985880148253
8827.201762518707,8821.485005619033,10.99107343120892,8.206534215501772,0.3094753573709615,0.03646998237528201,0.0
40.217295760317384,80.69740726243961,85.5064003493434,11.135307944772931,13.896047966956766,0.6552679416769344,0.0
25.558880686985958,23.545385188123685,556.1222976801649,566.8948308914062,41.399080997542036,38.49661087511819,54.6861634331136,9.332948970186019,0.0
12.191418565321191,36.31349737057587,14.842359953711641,4.6749130111852,32.858514126774764,45.06503729296626,45.031655480732184,39.594250822443534,29.922064285697545,3.4987576069966915,0.0
38.28367054979642,8.565285134767633,9.202365916272981,4.614984653418449,4.258193215382798,7.237927563671819,14.502086631103067,8.567017441618697,5.736862931456534,0.0
29.888716824947746,12.03940344912279,34.94117541509806,36.09876091491893,8.689226166537665,12.136424201993604,7.331939692930384,8.21643033122922,0.0
28.50153583630532,4292.2536123567315,4471.736648349332,165.07719263736897,287.034625662841,1403.5481175919251,1158.7979866645685,211.88678461424595,154.54635062345787,83.77149950405199,39.3511914583919,1.6392432758716249,0.0
36.81551021300586,35.29657434952221,88.68571842904434,66.28922735001242,11.511566736827406,6.961933634080247,0.5049215616901012,0.0
45.966207348997635,214.40887849889955,205.4440574519553,25.699062598646083,31.090154545323337,11.346315178026252,4.901005741920388,14.236174392608202,8.508497844942083,5.338066669746631,3.095734595593609,10.554892867386913,8.320710976962026,5.338066669746631,3.095734595593609,10.554892867386913,8.320710976962026,5.338066669746631,3.095734595593609,10.554892867386913
36.37455556978689,117.14645511292021,119.06208905841554,9.916171327379244,14.20402219802256,13.398640584604808,0.12221494736784441,0.0
64.99205673155694,2458.8550008120174,2491.1913319621076,9.890814507974698,10.560543669864682,14.242472630598801,12.24917328401855,9.38055692268298,13.303389176015635,2.8574063534212772,2.614515535999909,0.0
27.22799969192715,60.347324094824806,57.48115816484964,68.47946102740046,15.302772607940842,0.0
25.621501028160804,10.026571476499578,9.205566611689859,10.041630967989862,3.788258827834126,9.481457360652733,6.088335578500881,1.17781649750566,0.0
34.15897925277863,21.785863201415875,34.84960035332236,12.573485144934457,3.4354736545686126,2.0693979133922236,3.6227545052780425,2.283208103079835,1.980513874528124,2.3615710766475972,1.5887243639792943,1.5536180327658788,1.5536180327658788,1.5536180327658788,1.5536180327658788,1.5536180327658788,1.5536180327658788,1.5536180327658788,1.5536180327658788,1.5536180327658788
28.426448392055637,9.108870144232185,9.400358161321623,7.137007756940854,7.886529778681626,7.986130836312318,7.98901853915599,7.98901853915599,7.98901853915599,7.98901853915599,7.98901853915599,7.98901853915599,7.98901853915599,7.98901853915599,7.98901853915599,7.98901853915599,7.98901853915599,7.98901853915599,7.98901853915599,7.98901853915599
32.43602557653698,15.009683206373037,13.864573668895718,24.854090366199426,11.113451311936753,0.30204606809987483,0.0
73.40739086822178,65.08941864731484,46.10189096837528,44.2355410277394,55.914238200554564,44.482682795030016,46.10189096837528,44.2355410277394,55.914238200554564,44.482682795030016,46.10189096837528,44.2355410277394,55.914238200554564,44.482682795030016,46.10189096837528,44.2355410277394,55.914238200554564,44.482682795030016,46.10189096837528,44.2355410277394
34.3340936974512,900.2267046341085,876.4601428711909,38.203987072246264,168.03802583791992,153.75384149630744,33.53216976061908,8.605826824994885,26.027552814296868,13.586104000929526,3.715278376493066,0.0
23.594206591753398,99.98911343940952,89.67127091441074,1.8128454566669552,0.0
19.61036624964091,14.4736699303259,10.732307706949577,9.531171063287205,13.190655393577975,7.684895721541331,2.6480506091450344,0.07572230642225276,0.0
38.04699225241026,133.71140189359753,86.83660835703074,53.8957321046401,7.615817599263495,1.0864112520304023,0.002504119303442149,0.0
23.950748488762393,94.97877860203681,99.02711169233366,90.11940477766332,89.37185869471583,67.15641602391493,66.88735223362865,84.96380111698639,85.07181342961562,66.58392333643414,66.30084096871025,84.96380111698639,85.07181342961562,66.58392333643414,66.30084096871025,84.96380111698639,85.07181342961562,66.58392333643414,66.30084096871025,84.96380111698639
22.995959754123483,14.03976633359419,14.243005210461577,15.549550168165364,63.602075376926216,37.85405655951297,0.6096093535030687,0.0
39.319185237710144,58.374827681365566,66.38779722991693,52.8214178899973,44.95884480487614,20.27838568487233,26.111585921921353,17.82609780161918,8.806237728482396,5.047700697604974,8.885411754566778,0.42230092309760464,0.0
31.109654879975583,9.577039073149212,8.877542537072683,9.76996052960206,7.789202770804582,9.318290862362876,8.42519668903571,8.256851618677324,0.5331087433834796,0.0
37.51003603033669,15.446190422533975,21.604596600769195,107.22212757882859,100.18553014818762,9.442662498317809,21.73538234912372,6.678355953314932,0.31495471586845786,0.0
21.868567827514525,41.093152362360044,201.28495540210963,169.53260991889047,3.322606421140607,0.0
20.44181041456626,21.881077705926145,12.764052719097146,10.511517270159143,24.280249042740692,32.41076009535561,47.37730935237769,58.43976558267078,12.941545891241452,25.09239686274729,5.680980661592607,0.19939262118432408,0.0
38.63443920554721,43.95667958064743,40.5954871464809,11.058305866897994,7.587532999617573,6.203091853168278,7.256985357182593,6.955171711026814,6.955171711026814,6.955171711026814,6.955171711026814,6.955171711026814,6.955171711026814,6.955171711026814,6.955171711026814,6.955171711026814,6.955171711026814,6.955171711026814,6.955171711026814,6.955171711026814
34.59186607534534,21.36611884884346,24.283309501191013,6.2411283784325935,14.851663771314316,8.972005275157354,102.22711884816361,55.18186268866937,0.0
23.47860427687673,56.94661991901016,2.6023786036601795,0.02816301269589586,0.0
43.69373597864271,32.79529098390402,2197.705172751655,2299.4888300261614,74.47632443338563,30.70301427553043,235.51771109274156,387.3815619821566,122.28040766192112,290.5725341294024,265.83662824611076,339.88470729035146,291.50443943999386,290.5725341294024,265.83662824611076,339.88470729035146,291.50443943999386,290.5725341294024,265.83662824611076,339.88470729035146
29.912807874440848,19.19402956464582,218.65187641213652,250.67223249051412,24.749172595198626,320.9074891722938,423.7680371754305,189.41841489045626,21.306045021786076,116.10557071244115,1486.454964031872,1408.5685913550305,538.5366137249217,487.11053389949853,112.96504830038052,83.40578248712026,22.562358265948873,23.770741013150975,19.734713613027356,26.934218493992205
33.435679033101344,7.471942846962831,13.782884050729749,7.683766669958308,5.229221236099066,3.6488762617330623,4.004707269244799,5.857741265806051,5.509331264866086,4.392517396836008,4.570047542125621,4.399273906763681,4.399273906763681,4.399273906763681,4.399273906763681,4.399273906763681,4.399273906763681,4.399273906763681,4.399273906763681,4.399273906763681
16.144895447490512,16.546678837261307,13.035533381157483,7.244889798697029,10.510391633346165,8.774563215745689,1.637109040018414,0.008534808149929135,0.0
28.956209177295985,12.737652345034991,7.90159215551493,5.122499443004475,8.824359063221797,5.03719369809705,8.43667168431914,5.891018689950534,0.04620500536379934,0.0
22.687632249265437,15.496830634041808,10.943422979994434,19.77995763693684,15.637068333501743,10.439069092235423,256.5128034247774,249.4172540589066,25.423954419637514,44.234264125750656,6.919329890953224,3.991281848248812,1.0845915489623024,0.004687213225270012,0.0
35.63164811354149,19.167363345606528,24.28867098424288,20.558635029609547,19.9007824500889,9.946182721713063,3.0284098320599355,0.33885944723322353,0.0
55.35405865445767,13.943647234844565,2.3709319240395637,0.0
25.398911357281992,9.32944244098484,7.977606870143701,11.31434886079787,33.50168910011062,4.696736874680803,0.0
32.4380922801909,29.778378546004348,32.52463751012984,7.956261726344991,11.64067712380987,9.576345981490881,0.17454483928169515,0.0
31.287333365897286,10.438725470339138,17.843473552897176,29.409544971590485,16.184478713321585,0.6549883631715034,0.0
39.77676323895826,40.89246512056624,1529.669838274858,1560.259672733666,13.866296075650606,5.938496469953266,25.29336900841025,10.804887007919032,9.767350410424832,10.689660215429056,5.895628149530516,12.249278428213795,6.3532059017312035,282.5484683180137,252.87369435237676,90.22739210679234,63.76306840608264,161.7417717415425,309.9032938898514,154.6860253798586
30.775507288046867,13.392257354714188,32.383710520516914,37.083566816429546,4444.135446840916,4466.324100365922,51.117536111501465,1.8050107453163906,0.0
29.53129186557931,20.82911085778594,16.37274027376309,970.7299050021281,925.398254788261,7.555161556967303,1.0003037274049522,0.11465170186447109,0.0
40.519964301083625,8.456291735973158,11.439669040912388,0.7047550907491841,0.05378478962764824,0.0
30.28450146596756,9.538902923803676,4.478773096640588,5.0827092541166845,3.513740699584238,4.458108468942343,5.048212698313401,9.860060911186906,12.29298342685208,48.19051201566743,8.192633335057128,0.27691301747147645,0.0
30.716857136775857,39.25829856491242,104.23495062915865,97.32422937252423,19.171147251280637,16.538919360919245,95.8084158685619,94.38214468568434,31.179234590351605,70.07659146273262,0.0
30.391840620905533,34.00097077331006,41.88259053006255,43.280916725261015,113.84416389219494,110.23373281312095,1.4384424461239005,0.0
21.61643642131499,15.505275332933401,6.984521256363767,4.165272459514456,4.897019101957012,4.532289217896597,4.966957555374747,0.0
44.22572570250773,300.03611648795635,283.9419094952245,24.472693316203504,24.37266910623738,18.709721169766734,16.5038248164359,38.68240261566479,41.46947566289218,20.027066506970023,26.6541311026574,11.7667001772893,11.723884740313753,633.667628028886,842.6102732364078,198.04488698831412,45.73322998596902,1618.4387303059777,1786.0558591271472,141.52316547752386
27.768777587382846,10.551308483897705,72.5187892815577,71.54367278396849,38.11622304706181,82.72791873159682,0.0
30.395361197797094,12.564520563880905,30.01845619825702,7.3695352908600125,3.444509535223814,1.0532794755177561,0.0
30.87997488788695,16.331784192809007,20.86933347697446,55.087038003414634,27.31247385221744,0.0
28.638777201094655,14.23575407573671,54.69184790327823,57.28826211285925,27.67853028101904,11.703385279928735,66.38592179335836,87.81151930818646,61.79120743134898,38.57530451470597,18.47435517969069,2.994795208640721,0.6975105211639474,0.0
33.3678544758339,8.894183063749708,48.00607649853024,43.04826237706756,10.65062805457771,9.838726864002282,21.616422912151148,23.281817524728325,21.51699347264444,22.87254352309636,46.68486821517327,48.315872090123754,39.700004121134846,39.81458079888365,48.41244122735363,48.315872090123754,39.700004121134846,39.81458079888365,48.41244122735363,48.315872090123754
25.786253972524378,11.251655575128698,32.87953432785182,39.18711760265758,67.35324869531172,49.36111876236571,10.758792471856669,17.335694447278264,1.8725697092805431,0.0
45.485620766651124,51.96577432517055,56.926407508428426,16.362640893791326,26.86042561618879,60.39237827274198,49.33532475681536,285.0913611834949,289.23141519371586,82.0623924822983,73.08454678328042,94.11614023308317,94.94270535776694,53.63792039792776,52.98429680529128,39.439678268631326,54.80531965898111,37.09011361137339,41.321267128785856,33.67120542551476
30.527455223172947,13.34731223491634,54.497094649989265,32.27568692869171,18.324569513569973,18.324569513569973,18.324569513569973,18.324569513569973,18.324569513569973,18.324569513569973,18.324569513569973,18.324569513569973,18.324569513569973,18.324569513569973,18.324569513569973,18.324569513569973,18.324569513569973,18.324569513569973,18.324569513569973,18.324569513569973
24.36791985456394,26.257180111442075,41.57146905991827,75.77699174638454,30.480248036141976,59.695035211686054,21.77317333184554,2.2765258329052847,0.40182068539477006,0.0
25.952014768280502,7.757525049913873,5.239723777119315,5.0286978279943435,3.5500408404451553,0.050003898171005846,0.0
29.013459654795582,12.78931846382134,12.395182786806549,5.618735031245494,9.62756956735335,57.11306928647026,64.35090886867259,35.975880438411565,138.555846725812,138.08859252112978,217.83905346143825,290.23052757209,83.68157537728794,79.19266313779117,44.78156530503004,1.0763553789840983,0.0
39.14376214721127,8.088899791351844,88.10822941539564,617.048349569835,536.0093895765652,69.02593268257598,69.06196079384706,32.15522156727088,17.854613212732126,4.274422436713872,13.922929904018886,232.68385167035214,236.17896385047115,34.40091349942004,39.50226067124535,19.039601184690465,11.959811202944367,78.74879536725963,114.55080296890385,82.98675761812812
30.055871394773025,13.804818933015188,88.64792852638038,105.97921676341603,44.71935469622761,1.7744818521604877,0.0
56.34614927506893,21.62695221080682,0.0
22.197771666921877,19.152210974348673,3.884503199589479,5.696478233666311,3.340063059417782,3.311356576480491,3.311356576480491,3.311356576480491,3.311356576480491,3.311356576480491,3.311356576480491,3.311356576480491,3.311356576480491,3.311356576480491,3.311356576480491,3.311356576480491,3.311356576480491,3.311356576480491,3.311356576480491,3.311356576480491
51.41286411892063,64.10184606633527,12.123456193281436,10.002587066593122,13.652626077736834,21.734184108395926,121.6734837559053,18.879643579580627,0.23301273661890143,0.0
46.453456839542326,11.506880716407592,55.79111963757402,46.75354263270253,26.819413934565784,26.819413934565784,26.819413934565784,26.819413934565784,26.819413934565784,26.819413934565784,26.819413934565784,26.819413934565784,26.819413934565784,26.819413934565784,26.819413934565784,26.819413934565784,26.819413934565784,26.819413934565784,26.819413934565784,26.819413934565784
23.611867642470752,16.610908860422267,9.166292973908785,17.928083897725244,4.733132564379613,2.717078234680232,3.91608862299827,2.6825025037108157,4.172392793355347,2.890820854573974,3.9778494681766046,2.2542353785646125,4.727060030101067,3.0059187068380004,3.9778494681766046,2.2542353785646125,4.727060030101067,3.0059187068380004,3.9778494681766046,2.2542353785646125
32.68771242645593,28.51086380673913,474.2329268662425,489.86165316845774,41.20114964753222,11.611732741482568,9.979476347512048,5.458935704342177,0.2267240981376112,0.0003934581977441294,0.0
36.07841017259011,43.001938135596596,41.7003921604322,20.755719222808995,20.341037550366178,26.013293193986776,33.782741241927596,12.53687755550441,5.558317490258211,1.4309855042968298,0.0
29.622637121579665,32.82602657525473,163.16573037814925,3070.3261364942737,3242.777171194149,36.382032710133984,6.194850478376425,6.671106257066863,5.435156040119174,6.1604100060120475,5.212663970617299,5.963055085143404,6.407634274940624,6.8386180110613735,6.8386180110613735,6.8386180110613735,6.8386180110613735,6.8386180110613735,6.8386180110613735,6.8386180110613735
249.72209463391766,256.3663292313828,15.291491699569299,7.563929131630428,1.7303395304298752,1.9163736269769767,26.189209678261516,25.617275773096388,12.865900168047729,11.899850721618757,8.878864698386364,18.126864867330998,24.273047008007822,14.03409430919119,8.355642389524128,13.477702240555145,19.629214818858504,13.81575316165492,8.355642389524128,13.477702240555145
32.93374662764722,14.54082492970147,9.867869926185106,48.04575377815042,33.157735317483954,27.111320820764508,193.1928728806383,61.11925976880395,0.0
85.0015544851607,67.8375212757154,26.873368450612936,4.130971340020805,5.144515764770261,19.493232432355803,10.098117930497963,5.422189895589544,0.12711027812843392,0.0
42.09222342749458,40.793058839677414,34.3803389321637,138.7890818762569,168.61301761632126,75.77165862074119,45.140691577477064,38.729601722782434,38.729601722782434,38.729601722782434,38.729601722782434,38.729601722782434,38.729601722782434,38.729601722782434,38.729601722782434,38.729601722782434,38.729601722782434,38.729601722782434,38.729601722782434,38.729601722782434
138.74381906489197,47.60380678006381,10.238190341278457,0.12641034175996013,0.0
24.90691274781142,19.921987695957807,16.955901763699007,19.22526907268547,8.073587325764814,6.555995413221868,3725.4054872102724,3699.017778820199,15.107882521270511,10.50125958885636,22.12439576293969,330.5236753603058,306.79046703161987,68.51290858899519,70.60708586353073,17.288212544043546,68.62307091666878,7903.80033847871,7911.826789817506,125.15413518457349
52.335960914492254,42.75850937320457,46.0313027107296,33.83436987386959,2.4629135678828424,3.3580373769641643,0.2843661882537331,0.01624736598013853,0.0
34.83842289347628,26.496144185353103,16.963119044962244,13.088507013084023,70.83980417590489,60.94390119199371,12.901988598054636,12.411728180259884,5.663736446329388,3.8306661748350237,3.469893751331594,1.742391543602985,0.6750027719617158,0.0
762.1855128729925,753.0465921663457,9.510608443450511,20.695048252445094,24.86524307213543,6.676574799947116,3.982556512836408,12.760101225409286,13.194509928842788,18.799386155769216,18.930128531506917,16.43270555820928,16.240676095158836,18.74157136349974,18.930128531506917,16.43270555820928,16.240676095158836,18.74157136349974,18.930128531506917,16.43270555820928
33.497949993313476,17.179007570187274,26.54426306405933,159.86022053852324,191.45430787844177,14.447570830688536,0.8608434182606186,0.0
33.01469716447267,6.572600465744927,8.122666682657819,14.518109854107003,11.906104112711368,14.26176234018151,7.536204290970811,4.502116925433376,15.326643508633204,14.976518401525007,5.11324323983116,3.2088921136898074,0.0
29.684266960216956,10.748672987845401,9.36864255608139,4.021624778872192,2.9852474182545357,4.032243610039503,6.4191457550831235,1.7626692625633409,0.04923974073283213,0.0
35.298032920252936,17.956625662831748,19.469153639134994,19.1243235395957,17.6053889259127,17.92457109826378,19.469153639134994,19.1243235395957,17.6053889259127,17.92457109826378,19.469153639134994,19.1243235395957,17.6053889259127,17.92457109826378,19.469153639134994,19.1243235395957,17.6053889259127,17.92457109826378,19.469153639134994,19.1243235395957
33.73910475088038,103.33894446472381,116.07834710143585,80.04998484264388,33.589720081082255,22.993116317246795,6.722642616438694,0.3357413032975442,0.0
34.478771715393215,51.49865349893107,59.87535311482227,54.161319208968486,71.10269902595718,61.71328824065573,30.394580334662827,115.36694148006202,255.95176084769477,177.06835402235362,69.60721882558805,180.07091085393742,110.70520148653885,0.0
32.09884237458824,23.556556211467836,49.22012561913524,35.930384571887416,18.660537798609866,28.38102633967494,29.012842609574594,41.57563134215212,38.419542677300505,105.1051889010386,8.047429501405258,0.0
34.73555638074058,302.7251705153326,312.5540094362296,41.84060753788543,45.634782577383824,22.739221561041955,12.817226720462983,10.350178874585621,15.52475187628415,28.222528293239286,845.4356767726629,807.7831627432817,260.08570972743115,256.0849188306303,9.699731922905192,9.373684239287584,23.946366851284782,4.763812657807991,0.0
32.398027076060664,12.48755708418478,9.320958389373635,9.227322430475844,7.710225978080139,7.194694569421048,13.496969693530538,19.648626108014124,320.48744538126306,299.0506963069711,77.61809038132914,98.2504939857462,27.315094453206417,46.99528780811684,109.74762569318521,138.0973828622858,3.1426821108196923,0.03314096889147447,0.0
34.71522437598719,185.6087893117785,162.2021504144798,34.07751259743326,58.996576092676584,91.95176019456561,75.78247389666049,249.93402586237391,294.4849000557255,188.9215037401388,143.7879812517545,117.28474757657432,91.75712640618538,153.6769515371118,141.14398471918955,121.74700260671209,33.533019369856916,40.75947316306558,10.45865452910339,146.7104247962707
33.280657532634415,6.795345699805581,6.912708087038316,3.7186764816494007,12.59706664853876,7.78479561917338,1.2634193720147628,0.0
167.86453338910934,297.9225103114192,838.3065356932325,410.6266024592152,49.979622945243975,55.510821364336515,27.03053064191223,17.325191544360553,11.170529594501593,15.467328192681123,37.660083186417964,39.05409295276109,34.60916866298799,35.07533100476017,26.94669429600416,51.06841001982971,46.98153050059134,50.937441569795915,23.65744185660788,43.4135059023452
36.74686069354747,42.039167470725815,47.41478072067272,2.566634123285022,0.07009282524352159,0.0
54.31139490533095,940.3063242534525,974.0043245018378,241.3612425244328,218.59975788359762,33.964840459680175,11.48514173995869,11.969219581034281,38.028955450379215,65.03436024736308,562.3946467349989,497.02386126677925,23.362823213098196,163.76374759915475,164.82146923433223,22.59712310408046,308.2317635573819,334.30671426896794,34.03800085274438,287.4218467617849
33.02231702894185,19.39182590454608,49.70821254663919,52.99248902326321,29.084327375928257,62.96378221272585,84.60576470432406,35.83792890485777,114.91969063593835,194.90963211600302,181.96339476282301,107.65274018297877,11.151338249126377,6.783785282079229,12.266097009388847,4.534479649147727,0.1692900227935839,0.0
14.655162961681828,49.43064620148179,6.045458254403781,0.7128851799082718,0.06757340694005115,0.0
39.244945201341736,226.95785492639394,604.0280992158728,352.83664411635647,122.78259585889636,50.189258435204835,25.04227994497245,24.230492594922094,11.182249915640034,11.189945956291785,4.02940530130877,4.690855424152558,10.20476676744491,10.143420115842565,7.51933183740672,9.092198116172174,4.125377406380326,4.422593476863688,10.20476676744491,10.143420115842565
39.82720999025933,43.05230068278387,50.74473588164311,15.274833590017503,4.903054552629801,0.0
28.182001333383877,9.764446861985288,14.981616759486183,18.093122647571644,59.73685822467556,184.2903990124566,121.52911579148386,59.06783478874168,63.40828776154692,290.3389282772881,184.62232046369212,143.80172243666206,250.1921736925154,164.70611653533157,143.80172243666206,250.1921736925154,164.70611653533157,143.80172243666206,250.1921736925154,164.70611653533157
35.35900721103975,158.13635089678849,337.4001007268235,345.21735242652755,53.711222282805714,83.1014940312285,144.95194750592782,58.39704440947938,27.560411138026893,25.73795901543378,51.76245198350177,5.067059267696052,0.25881094373058444,0.0
30.69235673399749,23.772473721792036,38.045129418057826,20.090650419625085,30.214990434212098,18.446303072959587,24.027867099955497,23.068008512392346,19.905877361379545,19.29512522760817,18.811220108996924,19.930225159343237,19.905877361379545,19.29512522760817,18.811220108996924,19.930225159343237,19.905877361379545,19.29512522760817,18.811220108996924,19.930225159343237
35.82936174869833,20.91117484870117,29.938625406204938,33.39058071603615,22.699862339235626,9.974115442883994,18.72961770130419,23.234020276411,3.319662694481544,2.376366521054929,0.4721537243699451,0.005698357887369257,0.0
42.433836124092636,21.144948559726185,23.670836298535473,283.44431190400877,217.57119608782205,18.37146171463802,1.9183657140639654,0.0
44.15841606752517,34.66333092247473,35.04995549657441,199.87516716259998,173.51541992175743,20.01368134972777,11.817094039747266,13.323913851679885,11.126704331624977,4.5232636659183445,0.0
53.64264062701902,45.48737607129372,13.801653243826307,18.28318958898241,14.871836481359297,170.23892658725026,162.50866606502194,39.483196158625226,19.323737487370053,17.848591873578332,27.845986092348163,47.45001727403543,31.29365663531883,231.51033588562964,211.65342469547068,88.78811407767888,30.41383912787442,13.811126117931211,1995.3757302751646,2333.7327738572976
37.10812954533636,43.26460140418613,44.393062426522356,17.85995785759832,6.878133972707759,0.2936861973839631,0.0
35.47728287181398,74.73341627746983,24.236941446061536,5.543316721522754,0.48341139077451284,0.0
421.02106847083087,505.8242101405845,111.04059084879813,166.41192141718193,166.43862792405108,166.43862792405108,166.43862792405108,166.43862792405108,166.43862792405108,166.43862792405108,166.43862792405108,166.43862792405108,166.43862792405108,166.43862792405108,166.43862792405108,166.43862792405108,166.43862792405108,166.43862792405108,166.43862792405108,166.43862792405108
36.765137656237265,22.855595599163376,95.30687350707626,117.20802316040002,21.675122020845762,48.80804795713634,588.563237614358,535.8951269112703,6.110307792523568,91.34496874160462,70.50091996999892,60.29889551363207,60.29889551363207,60.29889551363207,60.29889551363207,60.29889551363207,60.29889551363207,60.29889551363207,60.29889551363207,60.29889551363207
32.67069834387805,25.564492999230662,41.69585160841852,19.323381262249903,0.503762417084966,0.0
33.36838748977663,15.12039489456704,268.0881805693675,229.59367726659366,166.79252203933586,328.7814099192412,249.8655791266911,42.9606846324518,37.88426928464293,164.71550442056133,131.92054933107826,65.47706950524608,130.71250821015724,74.2758614412931,35.65041030357565,78.11288418993294,40.032901037599196,77.10303525752079,70.21555108122682,25.30670060559397
27.285291583337134,9.9169781445196,9.973229453494328,31.427999417872652,4.130679622723285,0.0671312808768736,0.0
36.82768706986812,24.30447683104229,9.970609546492064,58.58509360738973,26.407878881458387,2184.616229042982,1981.6094420329357,411.55657787089854,37.72231247918164,13.240693349054387,11.58884330213932,3.344691453006761,0.06464588219298381,0.0
34.33058519346881,29.944289298884094,29.33912493876443,23.374730392681027,42.33250421230261,40.01627493400038,25.281431860441895,3.7951361814271913,9.074201925474908,3.5137585909246076,0.9501692808379488,0.0
33.5519369730792,10.907666107294213,9393.709529862079,9363.948963263372,6.475094705072998,7.56564179462311,2.66829881951007,1.8951761253889297,4.561655914556186,2.66829881951007,1.8951761253889297,4.561655914556186,2.66829881951007,1.8951761253889297,4.561655914556186,2.66829881951007,1.8951761253889297,4.561655914556186,2.66829881951007,1.8951761253889297
41.87431521927083,10.136163321627018,13.562950815017155,116.78987234639098,1201.4043816689182,1171.9905065650307,244.10403105205705,248.04399339782987,44.14376396894454,313.82820182827385,1027.070761534017,706.8299519175603,350.9541601687052,333.7150053785409,4.205476041488206,5.145859437433755,2.067654587083238,3.8575170407183745,2.3275067909901366,3.967519345053762
122.49645502624632,104.24006134756505,9.335922850029913,2.9533136872399344,3.882405738368303,2.8056565985787905,4.171214327079875,5.246922382984073,3.7696487510694343,2.6456651760952252,3.113684656128496,2.8056565985787905,4.171214327079875,5.246922382984073,3.7696487510694343,2.6456651760952252,3.113684656128496,2.8056565985787905,4.171214327079875,5.246922382984073
33.53363486548018,137.06166958651434,141.6432316956927,13.957224084064984,14.97515193001903,19.46361839153979,21.02718798218984,17.533346047343304,18.11450080173124,37.70797331458747,38.34700990955247,33.79457991585094,38.34134855642939,17.531099692576248,63.00657352476019,71.0152694378551,447.75570865962396,447.4384929252318,332.02249874941674,331.4650420937631
45.02180234359519,25.18040614997624,23.364264238793883,667.2494246491851,638.0197159059862,65.16697512134711,11.401265694951599,42.02711253437409,35.81756343459933,2.2511494889531076,0.13005156265666237,0.0
43.612103286585,29.50694917472233,72.40608334784234,87.2626511342835,104.14394992321067,70.54137293588283,35.17573327351657,1703.4413235114612,1634.3208123363022,24.421561825136067,25.136010150003603,32.51971114114337,33.33931200733105,32.00979979833632,32.01123740674476,32.01123740674476,32.01123740674476,32.01123740674476,32.01123740674476,32.01123740674476
37.1551855732912,11.0932774836783,20.568690519352128,169.10261659742778,199.24637915478243,95.96015396058866,412.2897088311799,413.27300146378707,164.41687364752823,227.20047710620224,100.48927257088556,412.2897088311799,413.27300146378707,164.41687364752823,227.20047710620224,100.48927257088556,412.2897088311799,413.27300146378707,164.41687364752823,227.20047710620224
29.381000778883347,24.294516085206816,37.189645547561156,88.61391675715078,69.810078728817,13.111069878993478,14.45686923257049,11.312897089147947,15.75312319004732,15.152736113011178,39.71055594087214,44.026378509802605,168.27513266480256,159.61273589742223,21.518996344600858,39.74792065760703,68.9265150369874,21.33480178869515,7.324489437396887,34.78303849770949
30.41330894672871,9.094639524983473,7.077401780363188,8.854764332539753,14.203168388605507,50.28501689007823,24.177213996780978,8.549319920573552,0.0
44.64080597066633,80.73785333092512,55.896836969603264,64.40498145309515,33.90533106983353,21.333759835165246,5.645107637678846,4.42596385570425,9.568424852560224,24.10104092330543,29.257561675322787,41.47162592662882,26.127192229352588,29.99133258653033,66.61759622019608,87.67136951756036,55.717464193092034,88.68349467910278,303.76174425408146,320.9424500746516
38.088926710846,43.23527224440292,164.4234775380679,250.37154008513727,122.48684673527862,139.68750938774878,20.4884218341715,8.015828595840569,19.59625045029643,13.084595619617662,15.129858811815685,6.745836379119921,42.428152372609176,39.66613989882081,18.065251049973025,9.265989996591443,7.819090360538264,2.6727745487461605,12.780838668333402,13.597610078652774
47.209416073675925,78.00442873534529,74.89647608580889,276.76873486407936,284.88803392469083,44.89879121024894,49.84418051031032,6.468737310473324,17.749070820739036,26.9811679631549,60.44364166031895,43.15317711707474,2.0155253984150425,0.0
40.922326240700585,179.61132193030255,193.03092924642908,75.11374752502361,52.27557528542719,54.452280031827854,79.71072846278571,71.7322562198606,10.839675266045237,0.0
34.92673778966734,20.850208202072633,25.49775700801819,34.451860509362625,103.18637217052567,108.72094042035293,23.395439435275602,23.254570731592768,21.91153723356537,19.163990708253774,7.392867516221745,7.397578527783783,7.397578527783783,7.397578527783783,7.397578527783783,7.397578527783783,7.397578527783783,7.397578527783783,7.397578527783783,7.397578527783783
44.452361468655184,81.51826683402503,635.4332351855874,616.9709269448426,40.54763455632975,24.456148193298826,23.341426388773296,1.50634920607525,0.01009191942344419,0.0
169.69567590087684,177.23469444957257,26.800152667732196,3.0772071730880657,17.15972941716278,4.622049624647456,13.616477550151677,6.678452471543752,3.4015747105758614,6.265957785222753,4.968383571349451,20.192732878190437,12.915843246612706,10.843054258272188,18.1634820714451,12.214655541511227,6.809786753237892,37.8008601350657,37.98957603564537,24.136730138191503
33.47792567099241,20.552591638463554,14.588534547185416,26.00159307952443,57.93929515272119,51.75764443048644,42.257815809855046,21.08905577577783,61.186166547013144,164.82225455528456,84.3781779823853,161.6217526809481,118.583227549751,111.52756804088462,285.01229536138726,184.5858312563753,60.65793880087482,195.9315720666915,141.63522682410382,14.330682634346067
151.34886379955853,148.11105319974035,29.29310078692737,15.748279222650133,86.69836894538008,89.15224048786897,14.250799784791873,5.872766341034234,6.741181640451718,48.4553384048959,30.321234895540954,4.117559940490533,0.008693551716902044,0.0
32.475821521287386,41.460053465891,30.085935347917548,126.55743351130357,102.66059634112764,5.077285527623444,4.854844785197471,3.2773756823443434,0.09757325308191493,0.09757325308191493,0.09757325308191493,0.09757325308191493,0.09757325308191493,0.09757325308191493,0.09757325308191493,0.09757325308191493,0.09757325308191493,0.09757325308191493,0.09757325308191493,0.09757325308191493
34.801605844566275,429.41836046880644,424.065510725493,21.525057402496895,6.072876041593553,4.153552842020329,0.46559748531280004,0.0
13.15511594588751,36.04607910870368,8.834664946485226,7.450158560477379,19.66915124203337,41.8227820484222,47.402109044737756,39.03123760986441,8226.388077119072,8493.091415479108,248.28672908405773,35.3140472235069,40.10144317858876,28.922416177935155,196.4831520433841,183.0555642952846,9.423300932708726,0.2020054171427353,0.0
53.667159940608336,76.29103441345131,54.167428085940784,227.75658560442068,191.55977906144074,44.73428548671479,5.760841284303131,4.628180350200216,12.178009631042633,8.12671956784018,23.82870977498641,18.42038706700862,101.03311649952951,66.6893983524403,1.6988013894153609,0.0
26.365063542955095,36.63359250049631,172.33045438281397,257.9985434415174,86.24129746294835,134.827379690126,136.33349233169636,23.387521085110308,30.285518270564495,106.98347312782842,86.69640785497643,4.297519398532705,4.145948402294983,2.696469779132015,3.1681515654373995,3.451649851152776,2.950793475248191,3.165486368844467,3.286414938510703,3.286414938510703
42.723352045057744,71.76268893284583,215.08390194131033,241.39411390598923,163.13407003310036,319.34060006636577,515.0449541318927,202.1600124026182,4416.682322000303,4416.824740259277,625.0060295629831,635.586596872858,812.3282196685185,1204.524443963167,393.46814755344144,27680.70778947984,27679.92180352895,1220.2221296930602,1220.2221296930602,1220.2221296930602
40.049401352772804,7970.37187815995,7952.9732474923985,22.533400936346986,84.23538198068186,55.38083682757585,45.510694541445844,63.953305393405124,17.45909427697944,15.675437644856519,24.61906553831135,42.3679711137508,37.912519928560364,47.699602755082196,27.63383297586352,146.30126764520446,217.0848634061796,50.42500055998143,40.039843050618295,72.7576242145242
316.05576387860344,339.07397286210215,107.1235926088683,120.84584166787936,54.61958018414658,113.3475230763127,473.4644713370052,407.88077481985937,233.41960629040412,124.22326522457448,49.2593563240083,54.80714837398033,68.21124652581092,26.71988733545186,0.8509278107071089,0.0021505339075647456,0.0
36.20560809413575,17.278421121038505,26.99269252502393,90.15492688140111,98.0637570678297,100.87387534501534,39.74477674252047,26.119959225686557,130.0465981606703,91.37730124666922,124.92672514635802,250.50744672185775,31.952388681187603,30.748764409725023,6.990520219580841,3.49856335730214,0.41758489650455644,0.0
41.47337658946317,20.768644593235717,96.90253497354149,40730.41529160935,40708.400150921945,339.30590514458277,288.0801798741577,227.18507159653737,344.858454268769,323.4385451777817,287.609559504985,276.9269694813743,13.521088684193087,0.8636341449164984,0.1397552234021719,0.0008771107348958025,0.0
34.798503386509104,16.426407031018414,11.58247766591191,29.174422508221365,17.416911694890867,10.256339637833184,0.0
216.01526369354832,171.68721517603637,173.25261311619792,195.37239093686873,593.2568014927293,647.8176263230795,46.0442079538733,6.94212281285742,4.869547436979626,12.859811852668646,6.568797621574117,60.72098363080745,67.06396131868465,5.295012594107319,29.04797257536285,32.08283297064327,11.539185653786575,72.32852604220953,75.72802804568644,61.84296699628258
41.521506928388106,93.9732008117204,95.45186314798443,10.247590393772603,9.097643669436422,7.844163312791653,0.0
43.72864151540981,28.94384365407411,216.8290336605678,193.31361629002876,74.95276484459269,57.13942175688318,52.76957600110285,61.79091539607634,44.450636221934275,48.014593946740916,4.103676613933578,4.8316311725724095,9.50528960986802,8.72490746408074,29.330810302017824,29.494055480587644,6.092732780172419,5.46537491744729,565.2899339309903,4754.98410829973
37.144715878629896,132.51321791387448,172.366922328698,39.53107028114462,23.107050899950877,26.55424665766804,8.426747729311058,10.653725109955436,149.74497250633564,98.14139722472375,6.996408071099057,0.30449254361734807,0.0
46.6975611203429,26.405169274361825,19.673458658278065,23.7799829428472,17.207365785055128,93.47177962174132,66.24880424290365,34.848272302057914,24.288295141914173,57.110452528788805,15.936544471811162,209.4050699702895,202.55495824056365,21.452641716270307,15.341076659130898,30.065236986828907,31.109840987793458,12.605721654897302,73.9894906306244,66.92616185519036
34.79817510051551,14.906079325963807,41.63674550758396,24.856046600523687,56.20594904498535,43.985158879970086,17.747342544660793,12.845192441249779,186.4058628663075,221.80770938341993,53.75253740152735,28.463588749492928,19.775244407004156,27.546186819514862,58.050137073041135,36.54126044802822,23.13270846275214,36.674927583979844,33.49873222765298,10.534299828788424
34.78762672357614,30.62078799799163,68.82989767173687,78.80453822377838,49.79646967262935,36.18659176581352,76.70992673859855,67.7886508006493,50.812799207578216,46.55806147486118,5.73664415430017,6.417067841201619,3.8453607259333613,4.131420468565634,2.9182139470099475,3.148607044529574,2.605087624900437,3.678554185750711,2.5775385833003734,2.9697631696518885
169.8748050435705,82.10240386793066,7.230556000112317,0.0
34.80289767211427,19.1179444454151,44.40565540895453,739.4352410058383,773.8384455797279,18.366842934715628,7.277938565245347,0.08511729912063483,0.0
34.38454391968124,26.370699179294256,37.67529944820062,70.6599930015483,86.35724467149696,83.37476771376072,84.36623953715352,46.27174376564379,131.25112878523075,204.66417452559054,98.40274576202098,50.2425453103943,53.05011690114525,20.42925107721925,35.196984156385554,44.22736460979765,15.710060040990326,0.16103300089922784,0.0
41.66158724407698,8.248014297140312,10.22952735642045,9.082310867567065,36.70438605767691,40.570622956201596,25.963020814069477,135.66601231800615,79.48507080469992,4.08704098587891,3.963816620278875,10.760023418315374,5.453988492296093,13.382788454809976,5.816029142631213,2.9119995771632654,45.06202729213808,46.20364198932284,2.0014062320255164,2.610225594933177
40.289386317148015,36.445487227086595,51.35804630810611,51.91566221111484,38.25363500775265,18.31348804119608,21.370673277567775,41.6358430541015,48.71452472966247,8.90285418756281,23.242693723332067,0.0
42.73508365703091,17.882621033801087,16.870196170986457,22.147139171436617,23.067893846793098,23.035020893439512,18.861920799231857,19.30513097171443,60.66954142253424,802.3632363531061,749.7569313804466,13.00049101833015,37.857095137775445,35.201772079767174,19.459497143307857,59.21399989597861,72.13109069554706,80.94276365095085,491.08467773618804,402.4511093149873
428.75033145604954,175.4594334502568,0.0
40.779198862228064,57.39550185268526,438.5071348195067,558.3941362827587,116.28391491211724,11.312528856852225,45.16961849235202,124.90665978411653,123.74757959431159,137.82611859416585,130.8177124875202,117.97915106042548,72.75798282088645,125.11945907932122,84.66663292144904,45.65005885775552,173.09964688535487,127.261116727624,188.78971775195427,55.63153842493356
40.889905881373274,129.71511885750596,126.32002527835805,164.07360485556944,146.11587671472333,23.63899575388696,29.326118413496964,17.254805707661404,11.278211086156123,8.601680488688844,9.118858269187774,15.857708146799032,11.066475937623068,7.941553386249047,1.7689721337155528,2.3411985869144503,2.3925391392348363,2.3925391392348363,2.3925391392348363,2.3925391392348363
42.39594309847288,37.06585501225541,581.9762631103117,537.5717915925362,665.8491132546457,682.2621941874673,21.537602776040817,47.53654770086232,116.33631475822081,406.82293209035424,328.7451341757425,97.08302630266341,79.29762988773878,194.0659568159318,212.02900567003832,42.85319082440368,25.33049802568731,27.328961154560076,13.366962644678788,148.098748492012
27.567238961449387,27.338189740000782,52.088740656924294,51.23989546420566,35.95882485907898,30.96869429668629,1251.8146101277323,1185.8064534079488,5.363305804398588,0.0
33.99297167470786,27.430163980331574,27.004619148719783,13.754465602390093,25.43138925912623,105.98700475421177,180.86061036006168,89.33987131069117,1.6138147689601166,0.7689297498858438,0.25827698608729627,0.026304550783357212,0.0
29.368617034469946,18.2933571561946,28.837428113510992,213.8421442542635,232.12265807356363,5.279544474434026,8.255610075090623,4.713494142631223,14.083866551106603,56.095613848214754,54.00743412431638,12.323399089652721,15.381033789110464,13.248025505059063,270.4435374833284,262.7397134661804,23.60160256995637,15.330224181756213,30.6413902367348,31.950032480448115
36.89669627393466,307.5234686729219,291.9417416899365,79.90304811806519,205.77505733628593,259.3597804646226,109.36073170419381,180.13620021582335,186.94067576489851,71.23911227324562,166.73436803740856,237.21786695345546,1833.0228501542676,1813.3440660797396,74.74191825277765,123.16985363072645,206.71981157980815,1454.078156223514,1432.3652326989807,74.74191825277765
839.5945516153727,822.6712361764079,36.68537909482821,443.6792760032412,440.8955469468935,36.53577657837467,23.36698827534424,23.667398372339605,23.667398372339605,23.667398372339605,23.667398372339605,23.667398372339605,23.667398372339605,23.667398372339605,23.667398372339605,23.667398372339605,23.667398372339605,23.667398372339605,23.667398372339605,23.667398372339605
32.158557939070356,15610.193969470902,15640.512456432345,40.201017135205895,407.490609796982,467.9371052638585,152.95348352009327,537.2904733350935,525.4898586078504,37.70498416577754,40.66316538577258,18.767725252313912,41.524580470750635,51.06573982976746,81.99158461847566,84.18307569728421,103.15393203224033,61.90136931187525,86.07787355031299,66.96570553306341
39.9083218966633,26.785782916367552,32.39602327285839,52.47581633417639,25.434397463981238,40.076601218287905,76.47448411895995,34.36607001750262,7.603880576510988,17.641623249658817,34.5495691017182,41.77042714737256,116.52413187338999,187.8948142477023,55.76599182685667,33.8276393349184,49.5395677543163,603.048176725622,618.8088168337772,48.21404495966001
45.08437001086077,61.525599839363984,260.15015505095283,203.85045618079127,15.88608313247733,16.524603090677974,33.19488382001978,86.751677214168,88.10101066434716,21.939082827038575,23.09711016275269,1.9012757621529468,0.6371414845891323,0.00681529060537711,0.0
36.887129689829614,14.496201970925126,8.39161483997994,4.929688705447351,10.322310658175256,7.651677440524141,17.166730674782666,19.206193028857513,8.078665066200132,7.617061635575324,13.395795035408607,12.890979610631522,12.890979610631522,12.890979610631522,12.890979610631522,12.890979610631522,12.890979610631522,12.890979610631522,12.890979610631522,12.890979610631522
45.43647490175279,105.20248358176981,121.6744381355328,50.80863963139342,106.19607781664135,94.4638493791418,15.39008780392148,95.33050410277158,172.69763106325772,180.29773235702868,7.028869263085639,8.80100708843455,2.5813982202483103,4.519031620917702,3.193516330634946,4.7479194926047645,2.790873758611479,10.80895239013923,13.35186803394491,7.374295415447381
43.19797822147959,46.21063889943698,39.858160576779,14.39098426992639,8.272754326645437,0.4580471103912037,0.00871694730439246,0.0
1407.5788028729623,1428.3295837616195,16.261793841415322,5.776804592917794,2.111057014593668,0.6798546990832323,0.06479109319580124,0.0009412421980257397,0.0
36.34240410605666,6.4077296881251025,12.770155395232624,20.329979850728193,20.02707816882674,14.691639227619808,11.038301084279647,11.089950890390877,7.397422337726444,21.54125715401026,10.00215328485589,0.988572106554602,0.13236935199575928,0.0
32.61770900073275,14.510825977517696,16.067417852791444,18.213152852650005,20.042360447821082,20.139335493339626,20.233707965714046,20.233707965714046,20.233707965714046,20.233707965714046,20.233707965714046,20.233707965714046,20.233707965714046,20.233707965714046,20.233707965714046,20.233707965714046,20.233707965714046,20.233707965714046,20.233707965714046,20.233707965714046
140.26187621544983,139.12177825871126,50.03745944671219,77.35301643086841,74.8878664742558,1.989982508738781,0.33723459143015116,0.04737124741359948,0.0
51.89040321444776,54.43881194428049,388.45378769208077,411.4118752672778,465.6361692665632,472.63389694854476,41.06823545615996,41.626344577307464,7.406215660663286,4.794257731182265,0.004605051781177331,0.0
32.50899848867563,43.34011575581925,44.504337882051814,25.70157672496682,68.45538888681762,48.73758493607867,13.22101487335371,12.459597857954348,5.629142004576983,1.484017799975649,0.16972786896249273,0.0
37.24612786154217,45.48755916002381,50.82596145424406,30.989278120888343,62.588662738543086,58.18168768330849,16.883941529148423,5.359446618667863,25.572536558621742,25.682640529779597,276.8569358038068,224.41010630802234,25.485019543668297,167.02251725483845,171.10133197682444,24.34880818981039,27.374758286111916,42.897977944191545,17.400419196012624,42.212272953666684
45.19629322415277,14112.123502178569,14147.087344865977,39.5626676377112,93.35115688321797,85.21835412023155,17.230584229162663,7.139119525177157,16.753688696278942,13.367665861624417,15.570173015304885,5.657989541689081,20.695557727168563,4.333793815120389,1.0370583427900217,0.0
1205.8447400884702,1237.2105804064431,127.02716780279366,103.34220742077531,104.21933712461474,187.3280077560359,580.6596302923167,657.294015964783,121.66872644065553,128.8862294926007,17.85018569853586,8.066988233910747,0.028635826211023823,0.0
30.64160122213689,231.4516470135376,1974.9788348057643,1758.0670709638127,7.365596735467055,14.257022933348525,180.6491659605695,171.93046305985303,103.94655653717831,92.88066293636786,8.647710745277882,22.85252303399938,56.956116676867296,37.830377693059,7.509973457513718,8.749213705979546,48.49755802296935,71.66894755676765,45.060818708038354,274.6625668738817
45.451839036311945,21.98160609770781,38.34974671551376,31.647904582087712,27.320178397638124,33.78475618269774,29.514331600602866,22.371011623151183,28.951528859864943,39.81739783565007,35.24367641491739,24.923310270952737,23.6315471927391,21.355579923856688,23.851306803232355,29.143825435262563,27.098647141542003,24.768583339340374,28.002652706738424,30.777804892065678
31.844935526619352,157.70599759815633,553.2193342349975,415.5995457888553,24.51287801452497,24.930697662392806,61.442358834719435,254.32908938759078,104.68618651304674,0.0
44.66453358107857,190.83566475101463,172.36447867633055,130.9135671857354,111.98260637555225,20.015919682454033,4.234019248131883,21.285045254766107,19.317463613117436,53.96236785418172,82.82475011266294,51.82529182446924,28.13578550834487,3.401153402205718,11.502036296550816,62.16512334519163,404.79150396419317,345.2292851558219,75.27352082071283,27.27828585973439
33.941461441959056,35.64237192974571,97.15782954424968,86.6697127526574,0.0
150.76551204263382,151.2630352050425,40.01250553178777,16.240076047762635,0.6226645626256778,0.021185104842044007,0.0
44.48634230653919,13.178737262125452,107.95434761667639,97.60144970827511,37.9710788204468,44.32544247952129,60.54487819315282,102.39942277155369,46.250554370997364,25.945660005142713,10.209521749685845,0.2646427394833078,0.0
37.52628448340644,135.98473504168342,154.36786625223465,245.04998771985083,232.13601904360647,18.585612510173974,9.51040762754945,0.9113787381827537,0.9402370620797714,0.043576394008306055,0.0
33.18081192349999,1099.6480116222365,1092.7306004990353,72.50459273086331,17.17430511113003,1.8501213145113795,0.1184255390965899,0.00029900907274773544,0.0
67.01081727492581,62.39967526777203,56.75323696657555,15.797230488365662,1.6076680233750171,0.012351373458245033,0.0
35.68337999976507,25.21577622991085,30.279709583806387,24.008268527351962,16.321055803216122,16.01644544881269,6.483058878060397,5.390021370321547,3.0301385925080524,3.9031449883240033,3.4951875953524407,2.433289170582797,12.097475665355416,6.5872211752886525,15.206116700141033,4.991860450113096,31.908470202927276,15.176344145762286,17.19580241112829,5.594636158207476
38.14110071807261,28.731396517257824,19.393829926609083,129.0312543427162,94.41648501742084,35.36769403225021,21.60815285998537,16.05325415043107,29.94215568780503,556.7787492142173,563.2326719132468,7.820201261076089,24.91156977015456,17.843034411522293,48.09974708792715,87.23262541226448,73.13079439618518,34.399007345000626,29.36821247730091,14.394830463464292
36.12013839995122,41.55542902197738,106.3197896172779,121.58714603672222,30.151883257116822,30.76574814737801,104.0458858525838,99.18453816289615,40.71087756640837,90.51595918168917,77.7385919125364,128.468188731582,116.41660823813612,34.045522968347676,41.809618247554035,19.64265088513067,92.76834524448651,71.71560679812889,69.4776797346581,41.30988207561383
271.9495619594329,226.6357206814031,200.12863030210383,182.3789438229808,32.465779973015366,487.0613712086981,368.7163676536298,1833.2630855727298,2017.575480547344,54.49538657362186,68.82495463165577,71.86923906649153,105.02862682052738,103.3819269424562,114.75352256287005,114.65181764358755,103.34519970981232,104.11592785867374,96.92822787230291,96.98938171369203
39.95873589024991,24.889305258180855,219.84144496681233,186.01965459368037,0.802695713867983,0.05505259579768956,0.0
48.43042786138012,26.39583069223354,14.14665291141133,89.61595676168793,124.37670167486422,50.87504483506813,8.209318775608592,0.41274798019161124,0.009005176722326319,0.0
39.94351512273201,24.301492768508837,24.42113320619243,25.209755272530966,25.108027092884335,24.300379744790696,24.42113320619243,25.209755272530966,25.108027092884335,24.300379744790696,24.42113320619243,25.209755272530966,25.108027092884335,24.300379744790696,24.42113320619243,25.209755272530966,25.108027092884335,24.300379744790696,24.42113320619243,25.209755272530966
42.2611992541637,30.300396666182678,60.39459270280397,54.902025879318266,11.15486516077784,7.589376429461416,20.55229739077391,3.8782993837502477,0.12870297776070982,0.0
45.807083609507785,26.270993391991897,16.535575068715517,9.814811285724833,17.670978750237033,11.950859495188508,24.511683013387813,18.515481930034014,7.410854289373578,49.071773136836974,985.6315761772628,1027.1577180458848,12.129147475161362,9.183935723962863,16.56206569657319,17.18111779618215,8.464313051687116,8.695537930344264,11.177719220718997,10.91437264666186
29.94153597666421,28.55165894898393,59.62716510360401,6.8731188480374374,0.1419794686966026,0.0
104.63290949849065,109.39253396456644,30.45208124631839,86.19673670363736,68.0145626330096,279.99786677676514,553.0198542264353,241.85057974748798,526.2395652633752,36.54453508199272,27.925777398030597,0.0
32.581518452024135,21.437723555499957,24.094803488953033,24.34873724709775,23.30219792870154,23.23578511213872,22.605126699643193,21.82807556513168,44.83961837073309,51.59029434613343,24.811810230442592,93.19895469677058,86.82633484686656,35.11270653091699,52.647576023550485,29.264500578996522,25.75138421127561,26.599224669874992,20.7500541884114,24.465256225942188
38.18055163302167,142.59352384405884,145.11313736531844,44.138060309678934,39.07884549907027,6.36427951788973,5.412345699033408,2.557196186899785,18.89747865644187,9.715964426662476,9.17934386811277,6.944220131043105,6.394137844382625,2.9348843767406407,1.2911286917601126,0.11525652939705183,0.0
42.74966835118448,38.41459997277138,57.29337226082494,5.4657336207657465,126.22099332993957,165.23474754980907,128.45411757304075,131.5263844924038,139.1503604938663,143.29123185861758,76.71107243109363,39.323910579706684,21.821570269642162,37.39339508022278,66.89995613612584,132.038206929405,87.84425446532552,106.13134839206045,231.30320208897174,192.77793557943664
57.11304221536981,61.74867270864604,108.28024506075634,69.26314187570226,4.121474762588003,7.780600514343078,11.371444576059963,8.399869261972153,26.96641031475078,27.011239416690373,27.011239416690373,27.011239416690373,27.011239416690373,27.011239416690373,27.011239416690373,27.011239416690373,27.011239416690373,27.011239416690373,27.011239416690373,27.011239416690373
33.044350071118856,13.015289562293471,21.23097340243521,26.80737457284796,46.30432221791627,35.859742829758424,1.9799541359779749,13.847341344088338,35.23251453498353,20.161573700005842,23.133670721650255,27.030323216708503,37.50844322984997,37.22372577426821,722.7490652045808,758.9191384257504,45.80389440896945,19.3483798645421,18.83195345424075,25.110597991789867
43.74303283795089,46.27931909928846,101.81934620224195,38.64876502278648,5.936046241802627,7.507871185887638,7.352749262099287,7.338029105711827,7.338029105711827,7.338029105711827,7.338029105711827,7.338029105711827,7.338029105711827,7.338029105711827,7.338029105711827,7.338029105711827,7.338029105711827,7.338029105711827,7.338029105711827,7.338029105711827
41.01568387421265,12.80490847250876,15.639153842658423,15.117609980577866,15.068216668047619,11.590070393164748,7.628650849881134,14.935897266031501,58.008672177802424,72.28141582425731,23.881481043284573,15.905800341494306,5.41610344141134,10.483416727061897,61.0639451516341,56.808617606313845,21.401402756039342,20.815278789514498,406.3132774274414,368.5890231747801
140.48308748762335,294.8066798739871,158.5209860986962,63.10881887886202,463.05692238511,408.87446555800904,63.10881887886202,463.05692238511,408.87446555800904,63.10881887886202,463.05692238511,408.87446555800904,63.10881887886202,463.05692238511,408.87446555800904,63.10881887886202,463.05692238511,408.87446555800904,63.10881887886202,463.05692238511
45.678847340158676,23.119313592940056,87.19913336070205,1273.3463693581689,1291.7707642866255,3.8814098846835554,3.224689857204677,1.7600185338761758,2.8626124875274344,11.06130850762364,9.706218257427391,6.611947965362739,3.0137564180014693,3.4499384318478117,11.06130850762364,9.706218257427391,6.611947965362739,3.0137564180014693,3.4499384318478117,11.06130850762364
73.5107933110287,99.6489414001085,91.02206478491242,93.8317248132434,97.53752051891873,102.58959647107544,538.1727467216209,550.4936419188172,51.74880024228104,64.26152248319427,65.6200366883013,72.76229299386961,58.73248389665448,64.50303980624538,48.86403209482398,42.55412551421218,117.48384794208306,65.97996360893144,22.493006416795364,56.62355941285049
88.23653314578482,124.5572781198155,70.61887588035046,34.70519539291326,42.06877954338859,58.67949537226236,715.6791446114864,1557.1871893406549,0.0
116.59370830801187,126.44767665203162,33.795777696952705,16.473049887146622,5.6765592520394605,7.321219978410184,3.3092524717580822,0.7345768323155767,0.228741761818501,0.0
37.68742384031226,631.6691437649943,595.418806711533,98.13160248536703,125.21495546568826,96.90498558996859,105.16932975939484,86.28817939323164,24.805657393079947,10.702902651247364,35.02280863788467,16.565636976905964,79.56873023100762,65.08771794319352,64.38378515822518,116.87399395908533,40.00349829194887,134.54164441244524,168.44911654378754,77.53092035498281
42.38609336334832,12.531657963217745,16.693379407792843,1151.4240385355636,1150.8665498329724,69.76587704161686,15.036736144584879,1052.0863317948235,1021.9509072317558,264.07583773540114,161.8546622726033,17.77864724722193,32.58109598339303,30.03036714527206,3.4387498424679244,9.926401209206245,7.599133265068743,0.16902722983663307,0.0
33.551843942379044,77.71529177854718,284.24290590643784,293.337070300124,53.035590092317996,17.595686475435567,224.97666794696897,224.71204734723796,74.0993158535502,38.074385800038584,170.2670621744251,136.80042704222643,4.449960715127918,2.953725798188911,2.420361191349619,1.6363590497955602,1.7763563112651777,1.1561787428178225,5.03772632184966,4.721366092809218
46.4275102791933,22.127833779847194,122.05225993102076,148.7319786928663,31.488074367332384,37.86586805291998,27.69132672734251,32.78264299068757,59.743056401754984,85.4951347698908,132.25096738880836,3113.0220022988237,2935.2776040411745,433.99571671817836,399.74658857521746,34.465142612952874,39.23044410032247,57.85413688638707,10.508468453925115,37.11126208490782
37.838471596485,65.45885303062282,80.97127542665486,148.62298240944514,132.48065516936316,9.015156185660885,9.762446849957449,21.023296284431233,20.97035305722197,63.44597890285743,61.7924396642837,15.882849870875749,44.45466962214899,25.12177329677257,2.6933715310363087,1.3517835591141225,3.128482123979113,2.5780571498260634,2.9738001263087606,2.658070200997561
47.6698443258048,38.30816960809349,31.073140052366224,1.7768734813003035,0.9982943829398901,3.6464149474754706,2.101165842868816,0.18144816363340865,0.011438503626166118,0.0
37.90644980208325,30.53200155449436,72.94020750248096,154.68236520584463,62.42460612763559,47.27401443652215,5.752047095161036,2.7256153775972733,0.1555813443097213,0.0012683675539554935,0.0
36.55134711985389,28.238040573079598,26.88777463248554,37077.840116015184,37083.92315541047,24.23161992609081,7.902443372107052,7.503794803927128,270.8098756452011,88.24107110285438,4.881650982703642,0.0
52.84440288757363,140.23395997026893,205.4853757486781,31592.053070848036,31559.372748372207,28.003393839033627,11.13934654339862,154.52844954315734,130.7476537476858,23.470833289523974,6.2157514666169345,102.24176955938252,113.07137181044338,50.17720065662951,71.01987970836288,11.969902516760905,6.71190107425449,3.486412299466073,5.770295544987596,50.02076732612795
27.47877078349448,25.261788624555177,7.282791556514721,0.9738883299984316,1.6023347583595136,0.056770999209141255,0.0
36.00807893453367,86.45621713810866,58.12617309372295,10.116869061565719,8.323146636901912,8.370240666435405,15.839160387715058,13.49876842095104,3.788887694958755,2.4254373845761155,20.798879993922785,22.124976206727872,23.861298966325734,15.348224858438332,11.706364283030322,4.135444127215968,1.8469003088140086,61.24947768308644,72.45629717650068,43.34010821323912
36.922263317622395,28.258522640152158,40.88834209667065,33.8551085587573,23.31036893333373,22.11722460891362,22.030315197465086,22.030315197465086,22.030315197465086,22.030315197465086,22.030315197465086,22.030315197465086,22.030315197465086,22.030315197465086,22.030315197465086,22.030315197465086,22.030315197465086,22.030315197465086,22.030315197465086,22.030315197465086
91.42465731218934,99.71341974785743,36.35510080162325,461.5631520655629,447.04132891243813,7.827556938157658,10.145008042755098,5.232780385618433,6.662087080371782,3.9376694898990934,1.4773891750434172,0.12220734375328321,0.0
37.36553401303218,61.36726995780529,20.677453958794022,11.007833782562757,2.798140734996397,0.0
36.39551993229061,14.84838397619788,42.44164880951943,85.31596922463535,62.65598638200785,37.901448645827266,65.19135285735919,18.565181271863963,7.329899047093217,5.663093528432511,3.929081114327079,2.6101720280247847,6.569284409672494,3.545877574242977,3.534550503948736,3.813573927792366,4.546851349261633,9.32687761814968,5.962520030628564,8.644917280883417
47.684795830909025,38.139127866585916,12.833367031479703,16.375684222374137,22.35977356602907,50.99658463384278,45.76533513831835,147.5955435999933,160.73730996929478,1818.4699887399634,1797.202989081359,25.172643000275023,0.34354068307002844,0.0
39.87038549298421,33.097477890675314,48.898489749551324,17.112371401158267,709.5981906102015,367.41285846491013,62.22275280539412,0.0
97.39915576118904,66.12243055285168,49.09471498365481,18.646035560063734,643.0652316316794,637.8181459953273,55.94919147019703,46.07033577442701,171.30118430572014,171.30118430572014,171.30118430572014,171.30118430572014,171.30118430572014,171.30118430572014,171.30118430572014,171.30118430572014,171.30118430572014,171.30118430572014,171.30118430572014,171.30118430572014
35.040438813762776,22.696438669463614,42.23230791813555,9.200743340540132,4.41264986366875,0.5394229950509866,0.0
48.916123556343926,54.07300551196212,39.34206042779197,22.893750428247454,26.08107589576898,3.891660423650595,3.0115559900595557,3.005434226728234,3.005434226728234,3.005434226728234,3.005434226728234,3.005434226728234,3.005434226728234,3.005434226728234,3.005434226728234,3.005434226728234,3.005434226728234,3.005434226728234,3.005434226728234,3.005434226728234
41.991580682406294,13.131521026453713,203.88504970612752,364.68411958580384,381.01222829623345,19.405938484922256,90.19650034218097,87.09940385555707,20.398713887700357,19.598046979466428,10.001336627035375,16.52770302335469,4.33691012008077,2.0021299812928417,1.6362954058093322,23.928680581985653,185.09622138450518,154.32240069788506,1814.175263218627,1775.0781899544022
40.42017149622772,29.450913970141247,99.88638386469454,645.4118075209657,826.622425299729,134.32941932332545,82.73970470804731,9.878983955535388,238.63502461344945,264.7425095516644,67.36941091285601,81.10164210808142,61.232154229591984,25.69507240253472,672.6531805045671,775.1358192790377,127.63106784851325,82.73970470804731,9.878983955535388,238.63502461344945
37.2860527105152,203.31213351942554,220.98252983841002,59.83488248856977,35.53034606265198,35.15364851953606,1.6189245131302101,2.530136561742298,1.0399843965221582,0.8769378510351523,6.615243844554976,8.26676711543706,3.724021329239183,1.93192428099629,1.8658453855978143,1.1688405928506453,3.7015968748328145,4.589872721822866,0.9903757980312119,0.8459255342561982
31.920363704056726,35.35228321625587,57.602131300355346,2.961937064039039,0.07615866639041621,0.0
41.92296757956487,17.503332666036943,20.583974062394773,67.95895303473718,54.965471297517084,95.21863143905865,65.63533361071839,38.12024834387992,40.80307869635355,48.32167595410913,49.50843122233409,12.475834403770707,13.474739378422813,14.489097093794499,13.606977623180397,23.843826516990166,40.167050425575816,40.58169683138715,41.37191910590225,40.562953948988124
36.27400257775372,12.228133666809516,5.295891036645126,5.228329406837045,11.048898794288476,168.2349079461916,7.57738813165529,0.0
41.39480083156955,12.844206942670302,16.751776485283237,176.180197198995,155.24335574324172,26.914387612676688,63.663038222447646,42.753042961730756,29.753212502980844,37.36360085940763,45.785985614520435,63.086385252481485,119.37375574936286,112.39819079734436,48.4851334230109,40.53919405329485,134.68011990245427,145.12956189365406,120.64148074229878,114.74064406980713
51.625110366516665,65.61361190488138,162.60837668374097,162.6749104212701,35.659090199634484,4.376800852065996,10.367022032672962,12.461347611123518,10.611269597365146,12.954845700126612,818.9173899113348,1447.7473825634058,0.0
261.9118351998738,243.78041499392054,3.43959079335013,7.874052732518954,1084.079833488253,1045.461187093164,54.642292319213446,5.503628325352301,12.933618718834207,3.5635110544398074,0.11314628797868347,0.0
47.392864554954116,34.45366997935289,193.78202148495032,176.55664600549844,24.375088117542283,22.13190936237733,4.682041003512537,0.0
38.05039284230352,28.309804342427093,28.919237653640593,23.584470482596277,13.808516645548586,2.661286539103002,0.22515438080791994,0.0
43.434501129955336,8378.481063131212,8458.982452039818,57.0729319060376,905.7122788930949,833.5992737014002,42.62363588769748,41.4536430690663,23.593582688436104,13.079900404840782,8.665600229636254,4.326094017319717,7.766194579133464,0.47622190838350087,0.05023984947212768,8.771399743231398e-05,0.0
37.536308623237446,40.7350371093499,32.18233036128748,54.67498421030563,193.24952341173608,117.51867598382431,12.388011274230472,721.5535374523358,697.8435872426356,6.075894795103426,0.0
43.87481147406742,58.23164447558098,716.0792645889741,693.2579549674346,468.5418258534601,466.63794906891354,56.143177912536814,42.298969256093784,29.656942371811727,13.759217980335526,6.9307734751300485,2.7627078094308017,0.0
29.950387065337882,79.07364337076807,92.51486299046803,38.11322865572281,15.141594921357607,16.239301229977634,19.143613273434042,38.908640939953784,39.493703813675616,35.479593638783896,170.85612935856284,160.0075111705037,77.70078574856126,51.4654378446868,12.560063220826747,4.100742132112685,3.8812007033870133,7.462937398368941,134.0543625200017,150.4025735986242
44.27122233272804,40.81807517657327,34.53204679618596,15.868924169488327,12.745953027485,46.06985143193774,10.730569583925686,0.0
54.54804845777374,41.164633620697636,48.4860769420644,124.77180529860125,230.81434967121916,208.10644713529655,17.560339037457545,25.47517097198958,19.742874404670136,48.45240051593896,613.919694190824,774.7204818270644,182.05536492523342,111.98442509631039,31.72808821783306,31.25505479080407,25.49429429579056,34.59694440538398,54.01074548665228,25.551143884838694
34.27263653846564,22.552353043279943,23.168649042426615,20.825422288271,21.187271277321702,21.187271277321702,21.187271277321702,21.187271277321702,21.187271277321702,21.187271277321702,21.187271277321702,21.187271277321702,21.187271277321702,21.187271277321702,21.187271277321702,21.187271277321702,21.187271277321702,21.187271277321702,21.187271277321702,21.187271277321702
46.75281577572995,31.594227349916444,39.41636698782772,256.4342027616931,227.4469773634112,43.62419523937337,220.83047365486476,204.23609814791968,16.970602887017538,134.1766040925329,90.1567810219819,360.54747350349976,422.34661565998914,135.7802165867473,46.92154520189946,43.81795034469486,30.559779581904266,44.41251010359514,2.2079809797945016,0.0
34.24052119504976,3603.9835187140784,3588.6133861490075,12379.310476784569,12378.622683435262,651.3474697216602,653.4839650443453,766.8977332844521,764.9234804809536,651.3474697216602,653.4839650443453,766.8977332844521,764.9234804809536,651.3474697216602,653.4839650443453,766.8977332844521,764.9234804809536,651.3474697216602,653.4839650443453,766.8977332844521
53.477119365977366,17.46816301926553,51.34268301063108,42.5379951675796,88.62658350043625,101.13096538052214,14.374319016508144,30.436358454882253,214.93919825403023,204.27826661391552,64.37325172413176,39.956053578240066,79.36351619673087,115.42492391328454,74.1824366053478,53.47955964510938,93.10637869619032,134.99163977152318,30.580609821298502,16.55704631673256
43.77025801552279,50.78988346694659,96.02452576639729,64.23846174953763,57.36474064338386,27.141506650716625,10.273742341342883,21.215565445063337,70.09186295550244,68.22751065467203,45.82555951449707,4.617593801630623,0.5696588383093284,0.22597316504425677,0.0
37.96636117168029,105.6937126783455,137.20926130267006,92.90295575520088,42.066222961133896,16.352582997790506,9.0870570009305,6.532117399096293,28.496166747113733,39.30309947074215,32.84317054756368,34.21261861979899,52.67815268207813,66.20216631654385,65.69487124573344,50.41830634591979,39.45739280654742,43.68631471002773,43.40018862034739,34.78039621216946
36.40822523139762,22.752168449784843,24.42010596570966,25.675529578523445,42.071066260056,38.35864337674167,34.437587584605346,11.27980707190731,44.28145435309213,60.305031058768414,40.27089146064503,26.059819218570254,166.7733876730371,133.16857052988232,18.502312758859738,15.662533360614873,24.58778594447782,23.27954597932448,642.2343936191222,650.527090629602
38.02283678538603,8.548776868785623,15.0938032860318,30.041884138258133,34.602445692557936,91.02362652269031,98.18250212476539,60.20942398961555,22.58066704175469,9.483163819338923,18.609693314457008,59.565346633305296,60.28466805490962,1628.9157162134625,1722.7208887729219,96.46470695680945,143.46172051339258,150.92516831624982,54.90910048637339,17.63453842404548
40.74184784242877,11.451775600242447,20.280140715138632,214.56577711828203,188.3224588902355,111.66854158913338,90.49771324458021,14.535974756501936,11.80227754274288,10.778305300315369,10.505073972556573,9.768012585737619,17.044443999089122,27.75977380312984,108.01067754368579,80.52186953761911,33.68032025447855,38.92824003696674,321.64632634052606,547.8909697119934
37.26530448411204,290.5233411643226,329.19272219388483,154.80756927540128,85.09154428638153,66.9341734824381,134.36018309254183,53.61563339185064,30.713021399426182,25.55427372916899,149.97990374335913,167.06278483527754,52.2879548966004,19.676852308392444,2.3497748723671434,0.07931117236965668,0.0009640245495530561,0.0
326.56999420807375,325.2975550586926,2.699632044825207,1.5944628555462634,0.3462369254714519,0.030659028902959427,0.0
42.71695823789341,25.027332879905753,63.22116870558669,43.698502165572975,27.602550611983908,1.9098647041178778,0.33365276031672264,0.03550481559165624,0.0
157.75818021158972,128.77807682049317,15.976768940308633,288.3797153575376,491.43124221252293,386.1519342364674,19.722330491535075,0.0
110.00206968895449,97.53817659447498,105.10202681717249,113.96134383832108,101.50912959503182,42.194512130708546,16.900407223987195,35.643761628807496,52.007051022436855,48.20053042984823,34.679431259840264,30.989554773167644,33.48066230223647,51.81584919453924,61.81741790725494,26.985057614988353,32.934275724476066,58.821314074169045,62.66659066086662,112.54174747354892
37.99097608771147,286.64060766680547,284.6340466364823,405.66144441005457,398.2575621891119,8.859192606161724,3.108743812680316,0.7280499991295529,0.06191615315222787,0.00029184201168690064,0.0
